[
    {
      "model": "cotxes.tag",
      "pk": 1,
      "fields": {
        "name": "Koenigsegg"
      }
    },
    {
      "model": "cotxes.tag",
      "pk": 2,
      "fields": {
        "name": "Ford"
      }
    },
    {
      "model": "cotxes.tag",
      "pk": 3,
      "fields": {
        "name": "Ferrari"
      }
    },
    {
      "model": "cotxes.tag",
      "pk": 4,
      "fields": {
        "name": "Lamborghini"
      }
    },
    {
      "model": "cotxes.tag",
      "pk": 5,
      "fields": {
        "name": "Bugatti"
      }
    },
    {
      "model": "cotxes.tag",
      "pk": 6,
      "fields": {
        "name": "McLaren"
      }
    }
  ]
  