[
  {
    "model": "cotxes.car",
    "pk": 1,
    "fields": {
      "make": "Koenigsegg",
      "model": "Jesko Absolut",
      "year": 2022,
      "description": "Diseñado per ser el Koenigsegg més ràpid de tots els temps. Amb un motor V8 biturbo de 1600 CV i una aerodinàmica optimitzada per assolir velocitats superiors als 500 km/h.",
      "image": "cars/car1.jpg",
      "slug": "koenigsegg-jesko-absolut-2022",
      "created": "2024-01-15T10:00:00Z",
      "author": 1,
      "tags": [1]
    }
  },
  {
    "model": "cotxes.car",
    "pk": 2,
    "fields": {
      "make": "Ford",
      "model": "Mustang",
      "year": 2022,
      "description": "Iconic muscle car with aggressive styling and a powerful V8 engine.",
      "image": "cars/car2.jpg",
      "slug": "ford-mustang-2022",
      "created": "2024-02-10T12:30:00Z",
      "author": 2,
      "tags": [2]
    }
  },
  {
    "model": "cotxes.car",
    "pk": 3,
    "fields": {
      "make": "Ferrari",
      "model": "SF90 Stradale",
      "year": 2023,
      "description": "Ferrari’s most advanced supercar, featuring a hybrid V8 engine with 1000 horsepower and electric AWD system.",
      "image": "cars/car3.jpg",
      "slug": "ferrari-sf90-stradale-2023",
      "created": "2024-03-05T14:45:00Z",
      "author": 3,
      "tags": [3]
    }
  },
  {
    "model": "cotxes.car",
    "pk": 4,
    "fields": {
      "make": "Lamborghini",
      "model": "Aventador SVJ",
      "year": 2022,
      "description": "Extreme performance machine with a naturally aspirated 6.5L V12 engine and advanced aerodynamics.",
      "image": "cars/car4.jpg",
      "slug": "lamborghini-aventador-svj-2022",
      "created": "2024-03-15T11:00:00Z",
      "author": 4,
      "tags": [4]
    }
  },
  {
    "model": "cotxes.car",
    "pk": 5,
    "fields": {
      "make": "Bugatti",
      "model": "Chiron Super Sport",
      "year": 2022,
      "description": "Ultimate hypercar with an 8.0L quad-turbo W16 engine pushing 1600 horsepower and a top speed over 490 km/h.",
      "image": "cars/car5.jpg",
      "slug": "bugatti-chiron-super-sport-2022",
      "created": "2024-03-20T16:00:00Z",
      "author": 5,
      "tags": [5]
    }
  },
  {
    "model": "cotxes.car",
    "pk": 6,
    "fields": {
      "make": "McLaren",
      "model": "765LT",
      "year": 2023,
      "description": "Track-focused version of the 720S with lighter weight, sharper aerodynamics and 765PS of pure power.",
      "image": "cars/car6.jpg",
      "slug": "mclaren-765lt-2023",
      "created": "2024-03-25T09:30:00Z",
      "author": 6,
      "tags": [6]
    }
  },
  {
    "model": "cotxes.car",
    "pk": 7,
    "fields": {
      "make": "McLaren",
      "model": "P1",
      "year": 2015,
      "description": "Hybrid hypercar with a twin-turbo V8 and electric motor delivering 903 hp. Iconic for its design and performance.",
      "image": "cars/car7.jpg",
      "slug": "mclaren-p1-2015",
      "created": "2024-04-02T10:00:00Z",
      "author": 6,
      "tags": [6]
    }
  },
  {
    "model": "cotxes.car",
    "pk": 8,
    "fields": {
      "make": "Ferrari",
      "model": "LaFerrari",
      "year": 2014,
      "description": "Ferrari’s first hybrid hypercar combining a V12 engine with electric motors to produce 950 hp.",
      "image": "cars/car8.jpg",
      "slug": "ferrari-laferrari-2014",
      "created": "2024-04-03T10:00:00Z",
      "author": 3,
      "tags": [3]
    }
  },
  {
    "model": "cotxes.car",
    "pk": 9,
    "fields": {
      "make": "Lamborghini",
      "model": "Sián FKP 37",
      "year": 2020,
      "description": "Lamborghini’s first hybrid supercar, with a V12 engine and supercapacitor tech. Limited production.",
      "image": "cars/car9.jpg",
      "slug": "lamborghini-sian-fkp-37-2020",
      "created": "2024-04-04T10:00:00Z",
      "author": 4,
      "tags": [4]
    }
  },
  {
    "model": "cotxes.car",
    "pk": 10,
    "fields": {
      "make": "Bugatti",
      "model": "Divo",
      "year": 2021,
      "description": "Track-oriented Bugatti with advanced aerodynamics and 1500 hp from its W16 engine.",
      "image": "cars/car10.jpg",
      "slug": "bugatti-divo-2021",
      "created": "2024-04-05T10:00:00Z",
      "author": 5,
      "tags": [5]
    }
  },
  {
    "model": "cotxes.car",
    "pk": 11,
    "fields": {
      "make": "Koenigsegg",
      "model": "Regera",
      "year": 2021,
      "description": "Hybrid hypercar with Direct Drive technology, producing 1500 hp with luxurious comfort.",
      "image": "cars/car11.jpg",
      "slug": "koenigsegg-regera-2021",
      "created": "2024-04-06T10:00:00Z",
      "author": 1,
      "tags": [1]
    }
  },
  {
    "model": "cotxes.car",
    "pk": 12,
    "fields": {
      "make": "Ford",
      "model": "GT",
      "year": 2020,
      "description": "Modern tribute to the GT40 with a 3.5L twin-turbo V6 and carbon fiber bodywork.",
      "image": "cars/car12.jpg",
      "slug": "ford-gt-2020",
      "created": "2024-04-07T10:00:00Z",
      "author": 2,
      "tags": [2]
    }
  },
  {
    "model": "cotxes.car",
    "pk": 13,
    "fields": {
      "make": "McLaren",
      "model": "Speedtail",
      "year": 2020,
      "description": "McLaren’s fastest car ever with a hybrid powertrain and top speed of 403 km/h.",
      "image": "cars/car13.jpg",
      "slug": "mclaren-speedtail-2020",
      "created": "2024-04-08T10:00:00Z",
      "author": 6,
      "tags": [6]
    }
  },
  {
    "model": "cotxes.car",
    "pk": 14,
    "fields": {
      "make": "Ferrari",
      "model": "812 Superfast",
      "year": 2021,
      "description": "Ferrari’s V12 flagship with 800 hp and one of the last naturally aspirated engines.",
      "image": "cars/car14.jpg",
      "slug": "ferrari-812-superfast-2021",
      "created": "2024-04-09T10:00:00Z",
      "author": 3,
      "tags": [3]
    }
  },
  {
    "model": "cotxes.car",
    "pk": 15,
    "fields": {
      "make": "Lamborghini",
      "model": "Huracán STO",
      "year": 2022,
      "description": "Track-focused version of the Huracán with improved aerodynamics and weight reduction.",
      "image": "cars/car15.jpg",
      "slug": "lamborghini-huracan-sto-2022",
      "created": "2024-04-10T10:00:00Z",
      "author": 4,
      "tags": [4]
    }
  }
]