[
    {
      "model": "cotxes.author",
      "pk": 1,
      "fields": {
        "first_name": "Christian",
        "last_name": "von Koenigsegg",
        "email": "koenigsegg@supercars.com"
      }
    },
    {
      "model": "cotxes.author",
      "pk": 2,
      "fields": {
        "first_name": "Jim",
        "last_name": "Farley",
        "email": "ford@supercars.com"
      }
    },
    {
      "model": "cotxes.author",
      "pk": 3,
      "fields": {
        "first_name": "Enrico",
        "last_name": "Galliera",
        "email": "ferrari@supercars.com"
      }
    },
    {
      "model": "cotxes.author",
      "pk": 4,
      "fields": {
        "first_name": "Stephan",
        "last_name": "Winkelmann",
        "email": "lamborghini@supercars.com"
      }
    },
    {
      "model": "cotxes.author",
      "pk": 5,
      "fields": {
        "first_name": "Mate",
        "last_name": "Rimac",
        "email": "bugatti@supercars.com"
      }
    },
    {
      "model": "cotxes.author",
      "pk": 6,
      "fields": {
        "first_name": "Zak",
        "last_name": "Brown",
        "email": "mclaren@supercars.com"
      }
    }
  ]
  